<?xml version="1.0" encoding="UTF-8"?>
<beans xmlns="http://www.springframework.org/schema/beans"
	xmlns:xsi="http://www.w3.org/2001/XMLSchema-instance"
	xsi:schemaLocation="http://www.springframework.org/schema/beans http://www.springframework.org/schema/beans/spring-beans.xsd">


<bean id="emp" class="com.cg.entity.Employee">
<property name="empId" value="123"></property>
<property name="name" value="Dhanashrii"></property>
<property name="salary" value="50000"></property>
</bean>

<bean id="emp2" class="com.cg.entity.Employee">
<property name="empId" value="122"></property>
<property name="name" value="Sheetal"></property>
<property name="salary" value="40000"></property>
</bean>


</beans>
