<?xml version="1.0" encoding="UTF-8"?>
<beans xmlns="http://www.springframework.org/schema/beans"
	xmlns:xsi="http://www.w3.org/2001/XMLSchema-instance"
	xsi:schemaLocation="http://www.springframework.org/schema/beans http://www.springframework.org/schema/beans/spring-beans.xsd">

<bean id="employeebean" class="com.cg.entity.Employee">
<property name="empId" value="173550"></property>
<property name="name" value="Eroal"></property>
<property name="salary" value="5001"></property>
</bean>

<bean id="employeebean2" class="com.cg.entity.Employee">
<property name="empId" value="173554"></property>
<property name="name" value="Abdul"></property>
<property name="salary" value="50001"></property>
</bean>
</beans>

